tenure_months,monthly_charge,total_charges,support_tickets,late_payments,avg_monthly_usage_gb,contract_type,payment_method,internet_service,has_streaming,has_security_pack,num_products,region,customer_age,is_promo
31,82.0,2542.0,3,0,55.32,mensual,debito,fibra,1,1,4,oeste,67,1
27,77.5,2092.5,1,1,24.89,mensual,transferencia,movil,0,1,3,sur,25,0
6,81.66,489.96,1,0,79.15,anual,transferencia,ninguno,1,1,3,sur,72,1
39,67.63,2637.57,1,0,152.24,mensual,efectivo,movil,1,1,1,sur,62,0
44,88.53,3895.32,2,0,105.23,mensual,credito,fibra,1,0,2,sur,18,1
35,47.49,1662.15,2,1,58.44,anual,efectivo,fibra,0,1,2,norte,25,0
28,109.97,3079.16,2,2,123.2,mensual,debito,fibra,1,1,3,oeste,70,0
8,79.82,638.56,1,1,141.26,bianual,debito,fibra,1,1,4,oeste,51,0
36,35.65,1283.4,0,0,118.14,mensual,debito,fibra,1,1,4,centro,43,0
29,63.56,1843.24,1,1,126.19,anual,transferencia,fibra,1,0,4,sur,73,1
20,55.79,1115.8,1,1,125.31,bianual,credito,fibra,0,0,3,centro,43,0
33,78.53,2591.49,4,1,112.36,mensual,transferencia,ninguno,1,1,2,centro,20,0
16,98.38,1574.08,1,2,102.22,mensual,credito,fibra,0,1,1,norte,59,0
2,38.01,76.02,3,0,116.86,mensual,credito,fibra,1,0,4,centro,27,1
48,94.98,4559.04,4,2,83.11,mensual,efectivo,movil,0,0,4,centro,25,0
52,45.76,2379.52,1,2,146.85,mensual,transferencia,fibra,0,0,1,oeste,77,1
8,78.91,631.28,1,0,132.68,mensual,credito,movil,1,1,1,norte,30,0
39,104.03,4057.17,0,3,80.72,mensual,debito,fibra,1,0,1,centro,27,1
11,68.91,758.01,1,1,164.04,anual,debito,fibra,1,1,2,centro,60,1
8,108.0,864.0,1,2,125.39,mensual,debito,ninguno,0,0,1,centro,78,0
36,82.52,2970.72,1,0,128.59,bianual,efectivo,fibra,1,0,2,centro,77,0
9,69.52,625.68,1,1,123.1,bianual,debito,cable,0,0,3,oeste,60,1
34,70.53,2398.02,1,2,99.25,anual,debito,movil,1,1,1,oeste,63,0
23,90.46,2080.58,2,0,195.54,mensual,debito,cable,1,0,1,norte,31,0
16,58.25,932.0,3,0,209.47,mensual,debito,fibra,1,1,2,sur,78,1
35,27.11,948.85,4,2,201.46,mensual,debito,fibra,1,0,2,centro,54,0
20,70.55,1411.0,1,3,89.35,anual,efectivo,ninguno,1,0,3,sur,59,0
39,66.3,2585.7,1,1,167.14,mensual,efectivo,cable,1,1,1,centro,22,0
12,65.04,780.48,3,3,90.45,mensual,credito,fibra,0,0,1,oeste,58,0
16,96.48,1543.68,4,0,152.42,anual,efectivo,fibra,0,1,1,centro,62,1
7,89.57,626.99,1,1,191.96,mensual,debito,movil,1,0,2,centro,49,0
1,123.19,123.19,0,0,161.51,anual,transferencia,movil,0,1,3,centro,73,0
29,105.93,3071.97,3,1,201.13,mensual,transferencia,fibra,0,1,3,oeste,22,1
21,41.48,871.08,0,3,105.59,mensual,credito,ninguno,0,0,2,centro,26,1
7,104.01,728.07,2,2,118.87,mensual,transferencia,fibra,1,1,4,oeste,21,1
20,52.33,1046.6,2,1,47.04,mensual,credito,cable,1,0,2,oeste,61,1
48,58.47,2806.56,2,0,121.45,mensual,credito,fibra,0,0,2,centro,35,0
38,58.54,2224.52,0,1,39.06,bianual,efectivo,fibra,1,0,2,sur,28,1
20,76.41,1528.2,3,2,53.44,anual,transferencia,fibra,0,0,1,centro,30,1
25,72.54,1813.5,1,2,150.4,anual,credito,movil,1,1,4,sur,48,0
20,76.02,1520.4,3,0,119.77,mensual,credito,movil,1,0,1,centro,76,0
45,89.88,4044.6,1,4,162.93,mensual,debito,cable,1,0,3,centro,24,1
28,61.53,1722.84,2,1,36.29,mensual,transferencia,cable,1,1,2,centro,21,0
15,104.1,1561.5,0,0,66.59,mensual,debito,movil,1,1,4,sur,72,0
22,63.13,1388.86,2,3,96.76,anual,transferencia,cable,0,1,4,norte,23,1
22,66.79,1469.38,1,0,122.46,mensual,credito,movil,1,1,3,centro,46,1
31,72.48,2246.88,2,0,33.13,mensual,debito,movil,1,1,1,centro,19,1
1,71.05,71.05,3,5,179.72,mensual,credito,movil,0,1,2,sur,74,0
10,91.71,917.1,2,1,150.21,mensual,transferencia,fibra,1,1,4,oeste,43,0
31,99.18,3074.58,2,2,151.01,bianual,transferencia,cable,1,0,1,oeste,18,1
33,72.28,2385.24,0,1,73.16,bianual,credito,movil,1,1,3,norte,44,0
9,34.76,312.84,3,1,178.54,mensual,credito,fibra,0,0,2,norte,76,0
22,77.65,1708.3,2,3,43.32,bianual,debito,fibra,1,1,1,centro,40,0
53,79.05,4189.65,2,3,43.01,bianual,credito,fibra,0,0,2,centro,74,0
11,77.97,857.67,2,0,180.13,mensual,debito,fibra,1,0,1,centro,52,0
11,80.96,890.56,2,3,148.11,anual,credito,fibra,1,1,4,norte,61,1
3,58.67,176.01,1,1,154.66,bianual,debito,fibra,1,1,1,oeste,73,0
45,61.84,2782.8,2,1,117.53,mensual,credito,movil,1,1,2,norte,52,1
21,70.04,1470.84,3,0,143.22,bianual,credito,fibra,1,1,3,sur,38,0
7,89.7,627.9,0,2,89.46,bianual,debito,movil,0,0,3,norte,37,0
30,78.04,2341.2,1,2,129.09,mensual,transferencia,fibra,1,1,3,centro,63,0
21,66.47,1395.87,3,1,193.68,mensual,credito,fibra,1,0,3,centro,33,1
1,72.34,72.34,1,2,66.75,anual,transferencia,ninguno,1,0,1,centro,32,1
17,74.77,1271.09,4,1,114.95,mensual,credito,fibra,1,1,4,centro,37,0
2,63.42,126.84,0,1,128.35,anual,transferencia,fibra,1,1,4,norte,53,0
39,89.45,3488.55,5,1,166.4,anual,efectivo,fibra,1,1,4,centro,58,1
10,81.34,813.4,0,0,36.46,mensual,credito,movil,0,0,1,centro,57,1
55,119.08,6549.4,1,1,119.06,anual,transferencia,fibra,1,1,3,sur,41,1
17,111.42,1894.14,1,1,158.78,bianual,debito,cable,0,1,1,sur,41,0
41,88.87,3643.67,1,2,191.52,mensual,credito,fibra,1,0,2,oeste,20,1
25,62.83,1570.75,2,0,157.1,mensual,efectivo,ninguno,0,0,1,centro,30,0
16,110.63,1770.08,2,2,163.59,anual,transferencia,ninguno,1,0,1,oeste,73,0
6,21.84,131.04,0,0,196.54,mensual,transferencia,fibra,1,1,3,sur,65,1
4,53.72,214.88,1,5,82.86,anual,credito,fibra,0,1,1,oeste,18,1
11,85.37,939.07,1,2,165.47,mensual,efectivo,movil,1,1,4,norte,73,1
11,78.98,868.78,0,0,158.59,mensual,credito,fibra,1,1,1,oeste,42,0
20,102.14,2042.8,2,3,169.04,mensual,debito,fibra,1,0,2,sur,64,0
39,66.48,2592.72,2,0,70.82,anual,credito,fibra,0,1,3,centro,42,1
33,127.55,4209.15,1,1,84.1,anual,credito,fibra,0,0,3,centro,22,1
1,65.04,65.04,1,4,91.8,anual,credito,fibra,1,1,2,norte,57,0
9,60.56,545.04,1,3,237.18,mensual,credito,fibra,1,1,4,centro,43,0
31,80.35,2490.85,1,1,122.62,mensual,credito,cable,1,1,4,sur,40,1
37,91.64,3390.68,1,3,151.33,anual,transferencia,fibra,0,1,3,norte,72,1
12,67.51,810.12,1,3,115.39,mensual,transferencia,fibra,1,1,2,oeste,27,0
16,90.12,1441.92,0,1,99.92,bianual,credito,fibra,0,1,3,centro,75,0
20,92.38,1847.6,5,0,187.88,anual,debito,fibra,1,1,2,centro,20,1
22,41.61,915.42,1,3,179.43,mensual,credito,movil,0,0,1,centro,55,1
56,52.77,2955.12,2,3,60.47,anual,transferencia,fibra,1,0,3,centro,22,0
30,96.97,2909.1,6,0,113.46,bianual,debito,fibra,1,0,3,norte,61,1
43,66.69,2867.67,2,1,164.69,mensual,transferencia,ninguno,1,1,4,centro,59,0
26,60.0,1560.0,2,2,25.05,bianual,debito,cable,0,1,3,norte,64,0
30,66.77,2003.1,3,1,12.21,anual,transferencia,fibra,1,0,2,centro,64,0
2,58.6,117.2,3,4,69.55,mensual,credito,fibra,1,0,4,oeste,52,0
7,58.48,409.36,1,1,120.62,mensual,credito,fibra,1,1,4,centro,55,0
35,92.77,3246.95,1,0,118.39,mensual,transferencia,fibra,1,0,1,oeste,72,0
7,64.87,454.09,2,2,123.96,anual,debito,fibra,1,1,1,norte,76,0
42,94.9,3985.8,3,2,106.74,bianual,credito,cable,1,0,2,centro,50,0
1,62.97,62.97,3,3,105.33,mensual,transferencia,fibra,1,1,3,oeste,63,1
23,99.92,2298.16,0,1,129.26,bianual,debito,fibra,1,1,1,centro,48,0
4,54.58,218.32,4,3,85.19,anual,transferencia,cable,1,0,1,centro,34,0
27,62.31,1682.37,0,0,65.86,mensual,debito,fibra,1,0,1,norte,55,0
36,95.64,3443.04,2,0,59.07,anual,transferencia,movil,1,1,1,oeste,67,0
18,57.78,1040.04,1,0,131.57,mensual,efectivo,cable,1,1,1,sur,64,1
44,80.16,3527.04,2,2,66.48,anual,transferencia,fibra,0,0,1,sur,42,0
30,67.98,2039.4,1,5,167.43,mensual,credito,fibra,1,1,2,norte,77,1
45,66.24,2980.8,5,3,97.45,mensual,efectivo,fibra,1,1,3,centro,51,1
7,71.54,500.78,0,3,158.01,bianual,debito,cable,0,0,3,norte,42,0
30,81.95,2458.5,1,0,122.62,mensual,credito,fibra,1,1,4,sur,40,1
38,123.3,4685.4,4,1,135.78,anual,credito,fibra,0,0,3,sur,66,0
3,54.19,162.57,2,0,128.8,mensual,debito,movil,1,1,1,norte,67,0
23,60.76,1397.48,2,0,45.51,mensual,efectivo,cable,0,0,2,centro,33,0
20,106.17,2123.4,1,2,172.33,mensual,debito,movil,1,0,3,sur,53,0
26,74.03,1924.78,2,2,191.54,anual,credito,fibra,1,1,2,oeste,34,0
36,76.52,2754.72,1,0,186.06,anual,debito,fibra,1,1,3,norte,27,0
15,104.61,1569.15,1,0,64.22,bianual,efectivo,fibra,1,1,4,centro,41,0
45,84.23,3790.35,2,1,5.0,bianual,credito,fibra,1,1,2,oeste,74,0
52,67.98,3534.96,1,1,138.97,mensual,debito,fibra,0,1,1,norte,45,0
19,62.1,1179.9,4,0,148.77,anual,debito,fibra,0,1,3,centro,56,0
16,73.32,1173.12,1,0,169.35,bianual,debito,fibra,0,1,2,centro,53,0
8,73.98,591.84,1,1,5.0,mensual,credito,movil,1,1,2,centro,33,0
22,76.67,1686.74,1,0,148.5,bianual,transferencia,fibra,1,0,3,centro,43,0
4,71.73,286.92,0,2,45.78,anual,debito,fibra,0,1,4,norte,78,0
26,78.06,2029.56,1,0,94.43,bianual,debito,fibra,1,0,1,centro,38,0
48,81.5,3912.0,3,4,95.83,anual,credito,cable,1,1,4,oeste,44,0
43,89.71,3857.53,3,2,119.03,anual,efectivo,fibra,1,0,1,centro,25,0
30,111.53,3345.9,2,1,119.23,mensual,credito,fibra,1,1,2,sur,63,0
8,67.06,536.48,2,2,91.16,mensual,credito,cable,1,1,4,centro,28,1
35,76.4,2674.0,2,0,59.42,mensual,debito,fibra,0,0,3,oeste,75,0
22,78.29,1722.38,0,2,198.12,mensual,credito,fibra,1,1,1,oeste,30,0
49,87.61,4292.89,2,0,104.89,anual,credito,movil,1,0,2,sur,78,0
19,106.89,2030.91,4,2,188.89,anual,debito,fibra,1,0,2,oeste,65,1
36,60.1,2163.6,2,0,121.45,mensual,credito,fibra,0,0,2,centro,35,0
15,63.52,952.8,5,0,192.93,mensual,credito,fibra,0,0,2,sur,59,0
31,73.08,2265.48,2,0,163.4,anual,credito,fibra,0,0,3,oeste,51,1
49,77.44,3794.56,0,2,10.33,anual,debito,cable,1,1,3,oeste,70,0
12,96.49,1157.88,4,0,118.29,anual,credito,fibra,0,1,4,oeste,56,1
4,110.88,443.52,3,1,225.33,bianual,credito,fibra,1,1,4,norte,67,1
39,82.21,3206.19,1,4,86.53,anual,debito,cable,1,1,1,centro,33,1
3,85.64,256.92,1,1,130.14,mensual,credito,fibra,1,1,4,oeste,32,1
6,85.12,510.72,1,1,118.5,mensual,debito,ninguno,1,0,4,oeste,50,0
10,93.56,935.6,1,0,86.2,anual,debito,movil,1,1,2,sur,46,0
36,47.54,1711.44,1,1,84.43,mensual,credito,fibra,1,1,2,norte,19,0
25,67.48,1687.0,3,2,166.58,mensual,debito,fibra,1,0,1,norte,63,0
49,55.05,2697.45,2,1,147.7,mensual,credito,cable,0,0,3,oeste,62,0
5,92.42,462.1,5,1,30.88,mensual,transferencia,movil,1,0,4,sur,20,0
22,79.4,1746.8,4,3,29.61,mensual,efectivo,fibra,0,1,1,norte,67,0
29,78.02,2262.58,0,0,135.53,mensual,debito,cable,1,1,1,centro,21,1
26,91.4,2376.4,2,1,99.65,anual,credito,movil,1,1,2,oeste,25,0
38,58.19,2211.22,2,2,156.3,anual,credito,movil,0,0,3,oeste,65,0
34,78.17,2657.78,2,2,90.26,anual,debito,fibra,1,0,1,oeste,34,0
52,80.95,4209.4,2,1,108.99,mensual,transferencia,cable,1,0,1,centro,38,1
32,46.89,1500.48,0,2,175.32,anual,debito,fibra,0,0,4,centro,37,1
6,87.69,526.14,2,1,128.2,anual,debito,cable,1,0,3,centro,67,1
24,68.62,1646.88,2,4,97.26,bianual,debito,cable,0,0,1,sur,43,0
15,55.15,827.25,3,2,218.32,mensual,debito,fibra,0,1,1,sur,52,1
51,117.33,5983.83,1,1,131.32,mensual,transferencia,fibra,1,1,4,centro,69,0
15,99.23,1488.45,1,1,71.51,anual,transferencia,fibra,1,1,1,norte,50,1
5,91.64,458.2,0,2,64.95,mensual,debito,fibra,0,1,3,sur,25,1
45,69.85,3143.25,3,0,125.26,mensual,credito,movil,1,0,3,oeste,58,0
23,59.75,1374.25,3,4,86.19,anual,transferencia,fibra,1,0,4,centro,61,0
46,46.2,2125.2,1,1,164.09,anual,debito,fibra,0,0,3,centro,26,1
44,70.47,3100.68,0,1,118.44,anual,efectivo,fibra,0,0,3,centro,43,0
20,98.42,1968.4,1,3,146.83,mensual,efectivo,fibra,1,1,3,norte,19,0
45,79.59,3581.55,3,2,53.15,mensual,transferencia,fibra,1,0,3,centro,36,1
21,109.43,2298.03,2,1,123.2,mensual,debito,fibra,1,1,3,oeste,70,0
21,53.26,1118.46,1,1,101.8,anual,debito,ninguno,1,0,1,sur,38,0
22,85.05,1871.1,1,0,155.91,mensual,transferencia,fibra,1,0,4,oeste,44,1
55,102.54,5639.7,3,1,99.76,anual,credito,movil,1,1,4,oeste,64,1
8,106.61,852.88,1,0,91.06,anual,credito,fibra,1,1,4,centro,54,1
41,59.89,2455.49,4,1,117.35,mensual,debito,fibra,1,1,4,sur,46,0
50,66.29,3314.5,1,3,103.55,bianual,debito,fibra,1,1,4,oeste,34,0
4,72.33,289.32,1,1,68.87,bianual,credito,fibra,0,1,1,sur,22,0
26,67.42,1752.92,2,3,163.72,mensual,debito,fibra,0,0,4,sur,28,0
37,109.06,4035.22,2,2,171.08,mensual,debito,fibra,0,1,1,centro,24,0
25,58.55,1463.75,0,4,84.13,bianual,debito,cable,1,1,1,norte,73,0
58,61.43,3562.94,3,2,147.93,bianual,debito,fibra,1,1,3,oeste,29,0
2,87.56,175.12,1,1,35.72,mensual,credito,fibra,1,0,4,oeste,60,0
29,80.61,2337.69,1,1,103.5,anual,debito,ninguno,1,1,1,sur,49,1
23,69.41,1596.43,0,0,103.85,mensual,transferencia,fibra,0,0,3,sur,76,0
38,69.81,2652.78,2,1,29.44,mensual,debito,movil,1,1,1,centro,41,1
37,52.84,1955.08,0,1,104.13,mensual,credito,movil,0,1,1,centro,73,0
1,51.01,51.01,2,2,108.36,anual,credito,fibra,1,1,1,centro,33,0
48,72.97,3502.56,5,1,119.85,bianual,debito,movil,0,1,1,norte,44,1
26,67.16,1746.16,1,2,45.64,bianual,debito,cable,1,1,4,centro,70,0
20,90.92,1818.4,1,2,82.52,anual,credito,fibra,1,0,3,sur,60,0
31,60.09,1862.79,2,1,25.05,bianual,debito,fibra,0,1,3,norte,64,0
21,61.98,1301.58,2,1,121.92,mensual,transferencia,fibra,1,1,2,sur,20,0
50,68.23,3411.5,4,1,134.01,bianual,debito,cable,1,1,4,norte,70,0
50,45.27,2263.5,1,0,73.2,mensual,debito,fibra,1,1,1,oeste,40,0
47,71.16,3344.52,2,1,147.43,bianual,efectivo,fibra,1,0,2,centro,28,0
27,96.21,2597.67,1,4,158.19,mensual,transferencia,fibra,1,1,2,centro,53,1
30,76.56,2296.8,2,1,88.64,bianual,debito,fibra,1,0,2,centro,19,0
27,71.52,1931.04,2,1,81.97,bianual,credito,ninguno,1,0,2,centro,30,1
29,73.53,2132.37,3,2,60.71,mensual,transferencia,fibra,0,1,1,sur,52,1
49,78.42,3842.58,5,1,93.03,bianual,debito,fibra,1,1,4,centro,63,0
41,87.5,3587.5,0,3,143.36,mensual,efectivo,ninguno,0,0,3,oeste,70,1
48,66.72,3202.56,3,1,68.69,mensual,credito,movil,1,1,3,centro,58,1
23,51.15,1176.45,0,3,91.8,anual,debito,ninguno,1,0,1,norte,23,0
11,67.49,742.39,2,2,178.3,mensual,debito,fibra,1,0,3,oeste,45,1
57,120.39,6862.23,1,1,59.74,bianual,credito,cable,0,0,2,sur,25,1
19,91.79,1744.01,2,2,117.84,mensual,debito,fibra,0,0,2,centro,38,1
41,88.02,3608.82,1,3,175.35,mensual,debito,fibra,1,1,1,norte,24,1
46,70.22,3230.12,2,1,43.49,mensual,credito,fibra,1,0,2,centro,43,0
33,91.0,3003.0,2,1,213.93,bianual,transferencia,fibra,0,0,1,oeste,18,0
29,55.58,1611.82,1,2,72.37,anual,efectivo,fibra,1,1,1,oeste,33,0
18,109.62,1973.16,1,3,239.02,bianual,debito,movil,1,1,4,norte,26,1
30,85.74,2572.2,1,0,70.28,anual,credito,movil,0,0,1,norte,28,1
23,17.84,410.32,1,4,167.6,mensual,efectivo,movil,1,0,3,sur,51,1
2,123.4,246.8,2,1,216.24,anual,credito,fibra,1,0,1,norte,62,0
39,30.44,1187.16,2,3,108.07,mensual,credito,ninguno,0,1,3,oeste,19,1
25,100.25,2506.25,2,2,131.67,mensual,credito,movil,1,0,2,sur,20,1
4,110.43,441.72,1,0,73.95,anual,debito,fibra,1,0,2,oeste,30,1
7,67.72,474.04,1,1,188.9,mensual,debito,fibra,1,0,2,sur,75,1
39,80.99,3158.61,0,1,184.87,anual,credito,cable,0,1,4,centro,49,0
42,95.15,3996.3,6,0,113.46,bianual,debito,fibra,1,0,3,norte,61,1
41,41.39,1696.99,0,0,47.62,bianual,credito,movil,1,1,4,sur,61,0
49,111.14,5445.86,1,2,136.23,anual,debito,cable,1,1,2,sur,45,0
43,56.82,2443.26,2,3,158.1,mensual,transferencia,movil,1,0,1,centro,56,0
36,56.38,2029.68,4,2,128.19,mensual,credito,ninguno,1,1,1,oeste,18,0
49,99.93,4896.57,3,2,5.0,anual,debito,cable,1,1,2,centro,31,0
51,61.44,3133.44,3,3,158.88,mensual,debito,fibra,0,0,2,sur,50,0
40,93.86,3754.4,2,4,90.51,anual,credito,fibra,1,0,3,sur,78,0
58,82.37,4777.46,1,3,106.78,mensual,transferencia,cable,1,0,3,sur,67,0
14,64.48,902.72,0,2,121.94,bianual,debito,ninguno,0,1,1,centro,48,0
45,68.01,3060.45,1,1,130.85,anual,efectivo,movil,1,0,2,norte,43,1
36,64.58,2324.88,3,1,93.43,mensual,transferencia,cable,1,1,4,oeste,72,0
41,81.86,3356.26,0,2,97.14,mensual,debito,fibra,0,0,4,centro,28,1
26,109.65,2850.9,4,1,139.06,mensual,debito,fibra,0,1,2,centro,42,1
38,63.9,2428.2,5,4,142.26,bianual,efectivo,cable,1,1,2,sur,54,0
23,73.37,1687.51,1,1,141.44,bianual,credito,ninguno,1,1,1,centro,51,1
19,93.42,1774.98,6,1,187.97,bianual,transferencia,movil,1,0,3,sur,34,1
37,42.22,1562.14,2,2,156.95,mensual,credito,movil,1,0,3,norte,57,0
24,65.42,1570.08,3,4,169.09,mensual,debito,fibra,1,1,4,norte,31,1
15,45.83,687.45,1,2,247.4,mensual,debito,movil,1,1,1,centro,19,0
18,73.12,1316.16,1,2,101.61,mensual,credito,fibra,1,1,3,sur,76,0
21,66.59,1398.39,0,1,187.28,mensual,credito,fibra,1,1,1,oeste,36,0
15,94.59,1418.85,1,1,96.64,anual,debito,movil,1,0,2,sur,72,0
43,42.08,1809.44,1,5,175.33,mensual,debito,cable,0,0,2,oeste,39,1
7,120.51,843.57,1,1,159.46,anual,credito,fibra,0,0,3,centro,53,0
11,81.39,895.29,2,0,141.94,anual,debito,fibra,1,0,1,sur,38,0
33,87.6,2890.8,1,0,181.0,bianual,debito,cable,0,0,1,centro,25,0
19,64.06,1217.14,1,2,112.08,mensual,credito,fibra,0,1,3,norte,78,0
48,40.88,1962.24,3,1,184.98,mensual,credito,fibra,1,1,3,centro,78,0
24,57.01,1368.24,1,1,116.4,mensual,credito,fibra,1,1,4,centro,44,0
40,76.99,3079.6,3,1,178.34,mensual,debito,fibra,0,0,4,sur,41,0
50,56.77,2838.5,0,1,177.46,mensual,credito,fibra,1,1,4,oeste,44,1
36,79.41,2858.76,2,2,194.17,bianual,credito,fibra,1,0,3,sur,76,1
4,72.62,290.48,3,0,161.53,mensual,transferencia,movil,1,0,4,sur,52,0
4,50.91,203.64,0,3,136.64,mensual,transferencia,fibra,1,0,3,sur,58,0
39,34.35,1339.65,1,1,79.85,anual,credito,movil,1,0,2,sur,62,0
21,65.42,1373.82,3,1,127.23,mensual,transferencia,fibra,1,1,4,sur,37,1
2,89.84,179.68,4,2,97.22,bianual,transferencia,movil,1,1,3,sur,19,1
47,82.49,3877.03,0,0,59.58,anual,debito,movil,1,0,2,norte,78,0
34,75.52,2567.68,4,1,188.68,anual,transferencia,fibra,1,0,1,centro,35,0
11,64.35,707.85,1,0,39.11,bianual,credito,fibra,1,1,4,norte,47,1
15,87.8,1317.0,1,0,161.57,bianual,credito,fibra,0,1,2,sur,65,1
8,78.8,630.4,1,1,137.13,mensual,transferencia,fibra,1,0,2,centro,62,1
40,73.59,2943.6,3,1,105.1,anual,transferencia,cable,0,1,2,oeste,67,0
57,60.97,3475.29,1,2,168.87,mensual,credito,fibra,0,1,3,oeste,69,1
39,75.24,2934.36,2,0,138.7,mensual,debito,fibra,0,0,2,oeste,43,1
3,63.29,189.87,3,1,120.48,bianual,credito,fibra,0,1,2,norte,31,0
15,71.25,1068.75,3,2,165.17,mensual,debito,fibra,0,0,2,norte,64,1
3,101.81,305.43,2,6,96.17,anual,credito,fibra,0,1,4,centro,65,1
13,59.48,773.24,1,2,74.55,mensual,transferencia,movil,1,0,3,centro,22,0
12,100.86,1210.32,3,4,100.19,anual,debito,movil,0,0,3,sur,34,0
54,61.72,3332.88,3,3,90.29,bianual,debito,fibra,0,0,4,oeste,60,0
32,91.46,2926.72,3,2,79.28,mensual,transferencia,fibra,1,0,3,sur,40,1
24,85.38,2049.12,0,1,118.64,mensual,transferencia,movil,1,1,3,oeste,41,1
26,54.9,1427.4,0,1,114.43,mensual,credito,movil,1,0,4,oeste,19,0
26,33.56,872.56,0,1,5.0,anual,efectivo,movil,0,0,2,sur,24,0
37,95.21,3522.77,4,1,62.43,bianual,debito,cable,1,0,1,centro,35,1
10,68.73,687.3,5,3,64.6,bianual,efectivo,cable,0,1,3,centro,66,1
16,105.28,1684.48,1,0,94.15,anual,credito,fibra,1,1,1,norte,20,0
37,86.7,3207.9,0,1,115.23,mensual,credito,fibra,1,1,2,centro,72,0
14,38.87,544.18,2,2,51.91,mensual,debito,ninguno,1,0,3,sur,75,1
43,66.93,2877.99,2,1,164.69,mensual,transferencia,ninguno,1,1,4,centro,59,0
15,41.96,629.4,1,0,188.37,mensual,transferencia,cable,1,0,1,sur,74,0
27,58.27,1573.29,2,1,74.42,mensual,credito,fibra,1,1,4,norte,22,0
17,84.22,1431.74,1,1,191.07,bianual,debito,fibra,1,0,2,centro,73,0
27,42.65,1151.55,3,1,136.76,mensual,efectivo,ninguno,1,0,3,sur,40,1
13,58.1,755.3,3,1,209.47,mensual,debito,fibra,1,1,2,sur,78,1
5,61.96,309.8,0,3,172.55,bianual,transferencia,fibra,1,0,2,sur,54,0
40,68.16,2726.4,2,1,43.48,bianual,debito,fibra,1,1,4,oeste,25,0
33,66.9,2207.7,2,1,60.68,anual,debito,movil,1,0,1,centro,28,1
9,48.04,432.36,6,0,114.59,mensual,debito,movil,1,1,2,oeste,27,1
14,100.01,1400.14,0,2,174.14,anual,credito,fibra,1,0,4,norte,41,1
25,94.66,2366.5,3,2,122.69,mensual,debito,movil,1,1,4,oeste,65,0
52,71.55,3720.6,3,2,233.89,mensual,debito,movil,1,0,2,centro,51,0
39,68.18,2659.02,0,1,105.84,mensual,debito,movil,0,1,2,norte,49,1
7,76.44,535.08,2,1,91.27,anual,transferencia,fibra,0,0,2,norte,29,0
3,74.46,223.38,1,2,239.47,mensual,credito,movil,1,0,4,centro,50,1
56,62.27,3487.12,0,2,212.49,mensual,transferencia,fibra,1,1,4,sur,18,0
47,87.57,4115.79,4,0,110.99,mensual,transferencia,fibra,1,1,3,sur,39,1
32,86.66,2773.12,2,1,5.0,mensual,credito,movil,1,0,2,centro,23,1
4,118.78,475.12,0,2,176.59,mensual,efectivo,movil,0,0,3,norte,41,0
6,54.11,324.66,1,0,88.96,bianual,credito,ninguno,1,1,2,centro,57,0
15,46.66,699.9,0,2,153.78,anual,efectivo,movil,0,0,3,norte,40,0
31,81.12,2514.72,1,2,103.5,anual,debito,ninguno,1,1,1,sur,49,1
38,94.5,3591.0,1,1,112.64,bianual,efectivo,cable,0,1,2,norte,44,1
1,54.2,54.2,2,2,140.68,mensual,debito,fibra,1,1,1,oeste,41,0
37,98.85,3657.45,2,0,128.11,mensual,efectivo,fibra,0,0,2,norte,45,1
9,115.16,1036.44,4,0,181.37,mensual,debito,fibra,1,1,2,oeste,21,1
27,70.26,1897.02,2,4,150.26,mensual,credito,fibra,0,1,1,norte,60,0
8,61.33,490.64,2,1,157.21,mensual,credito,movil,1,0,4,sur,28,0
21,46.85,983.85,3,3,180.17,bianual,transferencia,fibra,0,0,4,centro,21,0
30,89.2,2676.0,0,0,193.42,bianual,transferencia,fibra,1,1,3,oeste,74,1
6,65.28,391.68,3,2,117.95,anual,debito,cable,1,1,4,sur,28,0
23,47.23,1086.29,3,3,128.23,mensual,transferencia,fibra,1,0,1,centro,23,0
54,128.22,6923.88,2,5,94.42,anual,transferencia,cable,1,0,3,centro,37,0
24,35.33,847.92,1,4,80.38,mensual,debito,fibra,1,0,4,oeste,30,0
39,62.52,2438.28,3,2,153.36,mensual,credito,fibra,1,0,2,centro,78,1
27,71.46,1929.42,2,5,168.34,mensual,transferencia,fibra,0,1,4,oeste,37,0
33,65.84,2172.72,1,2,97.65,mensual,credito,fibra,1,0,2,centro,32,0
7,83.86,587.02,0,2,129.79,mensual,transferencia,fibra,1,1,1,norte,69,0
17,20.5,348.5,3,1,74.99,anual,transferencia,fibra,1,1,3,centro,46,0
6,56.85,341.1,0,1,78.2,anual,debito,cable,1,0,3,oeste,30,0
23,92.57,2129.11,2,1,173.43,mensual,transferencia,fibra,1,1,1,centro,48,0
33,71.73,2367.09,1,3,94.6,mensual,debito,fibra,1,0,1,sur,75,1
18,103.76,1867.68,0,2,142.53,anual,debito,fibra,1,1,3,centro,25,0
54,67.24,3630.96,2,2,217.82,mensual,credito,cable,1,1,3,oeste,74,1
12,79.6,955.2,2,2,188.26,mensual,debito,fibra,0,1,3,centro,36,1
55,67.35,3704.25,2,2,86.92,mensual,efectivo,cable,0,1,1,oeste,41,0
31,70.2,2176.2,2,7,175.3,bianual,efectivo,cable,1,0,2,norte,64,0
14,58.28,815.92,0,0,119.08,bianual,credito,cable,0,0,4,sur,35,1
3,80.16,240.48,1,2,89.89,mensual,efectivo,movil,1,1,2,oeste,63,1
15,56.35,845.25,0,3,122.58,anual,credito,fibra,1,1,1,centro,23,1
22,110.92,2440.24,2,2,73.0,mensual,debito,movil,1,1,3,oeste,39,0
5,83.09,415.45,3,1,140.6,mensual,debito,fibra,0,1,4,oeste,41,0
20,55.76,1115.2,3,2,161.32,anual,debito,cable,1,1,1,norte,57,0
8,97.63,781.04,2,1,114.65,mensual,transferencia,movil,1,1,3,oeste,58,1
17,84.42,1435.14,1,1,149.76,mensual,credito,fibra,1,1,3,centro,78,0
34,130.89,4450.26,2,3,192.95,anual,efectivo,movil,1,1,3,centro,62,1
32,68.2,2182.4,0,3,178.6,anual,transferencia,ninguno,1,0,4,oeste,21,1
9,60.98,548.82,0,1,119.99,anual,credito,fibra,1,0,3,sur,56,1
16,88.96,1423.36,1,1,124.42,anual,efectivo,ninguno,1,0,2,centro,30,0
24,88.58,2125.92,1,0,40.73,mensual,debito,fibra,1,0,1,centro,20,0
6,80.18,481.08,0,3,82.09,anual,efectivo,cable,1,0,4,sur,51,0
36,76.28,2746.08,0,2,82.71,bianual,credito,fibra,0,0,2,centro,57,0
9,53.55,481.95,3,2,206.66,anual,debito,cable,1,1,4,sur,70,0
46,87.11,4007.06,2,1,133.79,mensual,debito,fibra,0,0,1,centro,76,1
22,63.93,1406.46,0,1,84.23,mensual,efectivo,fibra,1,0,4,sur,42,1
48,81.36,3905.28,3,1,117.61,anual,credito,cable,0,0,1,sur,46,0
51,86.41,4406.91,2,0,140.87,anual,transferencia,fibra,1,1,1,centro,40,0
38,24.93,947.34,2,2,159.66,anual,credito,cable,0,1,1,norte,26,1
25,112.11,2802.75,1,0,53.35,anual,efectivo,cable,1,0,2,norte,25,0
46,81.82,3763.72,3,1,247.18,mensual,transferencia,cable,0,1,2,oeste,59,0
12,60.43,725.16,0,3,119.99,anual,credito,fibra,1,0,3,sur,56,1
8,71.09,568.72,2,1,45.01,anual,efectivo,movil,1,1,4,norte,54,1
43,60.19,2588.17,3,1,62.08,mensual,credito,fibra,1,1,4,norte,41,0
28,99.21,2777.88,1,0,156.55,mensual,transferencia,fibra,1,1,3,centro,23,1
6,87.06,522.36,1,1,102.71,mensual,credito,fibra,1,0,2,centro,77,1
23,83.34,1916.82,0,0,73.66,mensual,credito,fibra,0,0,4,centro,32,1
9,18.97,170.73,5,3,152.0,anual,debito,fibra,1,0,1,oeste,38,0
48,59.31,2846.88,2,1,164.57,mensual,credito,ninguno,1,1,2,centro,66,0
37,71.76,2655.12,1,1,92.24,mensual,efectivo,movil,1,0,1,centro,35,0
11,80.51,885.61,0,0,81.01,anual,debito,fibra,0,0,2,norte,42,0
59,99.6,5876.4,2,1,161.44,anual,debito,fibra,0,0,1,oeste,49,1
39,69.15,2696.85,0,0,139.69,anual,transferencia,fibra,1,0,1,norte,27,0
30,63.08,1892.4,1,1,42.64,mensual,debito,cable,0,1,3,sur,54,0
35,29.03,1016.05,1,3,124.95,anual,debito,fibra,1,0,1,norte,73,1
2,60.57,121.14,1,0,103.45,anual,credito,fibra,1,1,4,oeste,44,0
27,108.22,2921.94,0,1,125.3,bianual,debito,movil,1,1,1,centro,19,1
20,97.0,1940.0,3,2,57.13,mensual,credito,movil,1,1,3,sur,66,0
6,108.38,650.28,0,2,52.09,bianual,debito,fibra,0,1,1,norte,63,1
35,71.33,2496.55,3,3,111.26,bianual,transferencia,fibra,0,0,3,oeste,19,0
36,33.25,1197.0,2,3,108.07,mensual,credito,ninguno,0,1,3,oeste,19,1
45,109.85,4943.25,2,2,121.73,mensual,transferencia,fibra,1,1,3,centro,61,0
22,87.29,1920.38,4,0,59.7,mensual,efectivo,cable,0,0,2,oeste,31,1
39,64.66,2521.74,0,0,172.71,mensual,transferencia,fibra,0,0,1,centro,52,0
14,77.73,1088.22,3,4,66.99,anual,debito,ninguno,1,1,1,norte,25,1
52,60.98,3170.96,2,1,124.02,mensual,debito,fibra,1,1,3,centro,78,1
18,54.9,988.2,0,1,155.71,mensual,credito,fibra,1,0,4,oeste,27,1
12,52.89,634.68,3,2,164.17,mensual,credito,cable,1,1,1,centro,74,1
61,57.64,3516.04,1,2,110.44,mensual,efectivo,movil,0,0,2,sur,69,1
28,66.47,1861.16,1,0,124.11,bianual,credito,fibra,1,0,3,centro,61,1
10,93.22,932.2,0,1,178.29,mensual,credito,movil,0,0,4,sur,51,0
47,85.31,4009.57,2,0,95.56,bianual,transferencia,fibra,0,0,4,norte,25,0
19,61.42,1166.98,1,1,44.18,mensual,debito,movil,0,1,3,oeste,40,0
8,85.47,683.76,1,2,84.64,mensual,debito,fibra,0,0,4,sur,68,1
36,67.29,2422.44,3,2,157.86,mensual,efectivo,fibra,0,0,4,oeste,53,0
45,81.86,3683.7,3,1,93.71,anual,debito,fibra,1,1,2,oeste,64,0
21,46.38,973.98,2,4,44.43,mensual,credito,fibra,1,0,2,centro,61,0
49,105.02,5145.98,4,3,158.06,anual,efectivo,fibra,1,1,1,centro,24,1
10,64.49,644.9,5,1,210.66,anual,credito,fibra,1,1,4,oeste,74,0
39,119.61,4664.79,2,3,217.73,anual,transferencia,ninguno,1,1,1,centro,56,1
15,115.24,1728.6,2,0,218.97,anual,credito,fibra,1,0,2,centro,65,0
45,77.91,3505.95,6,0,114.83,anual,efectivo,fibra,1,0,4,sur,41,0
7,62.84,439.88,1,2,140.53,mensual,debito,fibra,1,1,2,norte,78,1
10,94.45,944.5,0,0,102.03,mensual,credito,movil,1,1,4,centro,59,1
42,59.09,2481.78,0,1,140.28,mensual,transferencia,fibra,1,0,1,norte,26,0
33,87.25,2879.25,1,0,70.28,anual,credito,movil,0,0,1,norte,28,1
8,60.26,482.08,2,3,127.13,mensual,transferencia,cable,0,0,4,norte,64,0
25,76.26,1906.5,2,1,89.43,anual,efectivo,fibra,0,1,2,centro,78,0
23,86.05,1979.15,1,2,60.64,mensual,credito,fibra,1,1,1,norte,36,1
13,52.54,683.02,3,2,98.39,mensual,transferencia,ninguno,0,1,4,sur,41,0
41,101.35,4155.35,2,3,79.51,mensual,credito,ninguno,1,1,1,centro,65,0
40,75.14,3005.6,3,1,111.26,bianual,transferencia,fibra,0,0,3,oeste,19,0
9,71.4,642.6,0,3,164.8,mensual,credito,fibra,1,1,1,norte,57,0
25,99.55,2488.75,1,3,25.39,mensual,debito,cable,1,1,2,sur,76,0
57,74.26,4232.82,1,3,147.22,anual,credito,movil,0,0,3,centro,75,0
1,84.02,84.02,1,0,55.7,mensual,debito,fibra,0,1,4,centro,78,0
35,72.47,2536.45,0,1,161.6,anual,credito,movil,0,1,3,oeste,61,0
31,57.34,1777.54,2,0,139.82,mensual,credito,fibra,1,0,3,sur,35,0
24,81.2,1948.8,1,0,197.72,anual,transferencia,fibra,1,1,1,sur,59,0
1,100.96,100.96,5,0,145.94,anual,transferencia,cable,1,1,2,sur,68,0
17,59.38,1009.46,1,1,85.21,anual,debito,fibra,1,0,1,oeste,55,1
17,97.62,1659.54,2,2,118.15,mensual,credito,fibra,0,0,3,norte,28,1
18,125.71,2262.78,1,1,188.82,bianual,credito,fibra,1,1,4,norte,76,1
36,76.78,2764.08,3,1,132.47,anual,credito,cable,0,0,3,centro,35,0
9,77.06,693.54,3,0,105.47,mensual,credito,fibra,1,0,1,centro,25,0
2,75.01,150.02,0,0,120.32,mensual,debito,fibra,1,1,4,norte,27,1
9,118.42,1065.78,2,2,96.1,mensual,debito,movil,0,0,3,norte,68,0
2,113.31,226.62,3,2,104.78,anual,efectivo,fibra,0,1,2,centro,67,1
36,40.85,1470.6,1,2,201.81,mensual,debito,fibra,0,1,1,sur,46,1
10,99.09,990.9,2,1,149.05,bianual,transferencia,cable,0,0,1,norte,24,1
22,79.17,1741.74,3,3,151.29,bianual,debito,movil,0,1,4,norte,20,1
15,85.96,1289.4,2,1,199.46,bianual,transferencia,fibra,1,1,4,centro,54,1
32,78.83,2522.56,3,1,97.72,mensual,debito,movil,1,1,4,centro,63,0
1,93.22,93.22,0,2,196.38,mensual,credito,fibra,1,1,1,centro,65,0
37,92.94,3438.78,1,3,25.1,anual,transferencia,movil,1,0,4,sur,66,1
22,50.02,1100.44,3,0,128.24,anual,debito,fibra,0,0,4,sur,77,0
56,35.9,2010.4,2,2,53.36,anual,credito,fibra,0,0,4,oeste,28,1
5,82.74,413.7,1,1,11.4,anual,credito,cable,1,0,4,centro,21,0
11,107.79,1185.69,1,4,132.62,mensual,efectivo,fibra,1,1,1,norte,55,0
19,62.64,1190.16,3,0,127.28,bianual,transferencia,fibra,0,1,4,centro,34,0
25,91.78,2294.5,1,0,175.31,mensual,debito,fibra,1,0,4,sur,59,0
7,110.19,771.33,3,2,177.0,mensual,debito,fibra,0,0,1,oeste,66,0
32,79.05,2529.6,3,1,116.5,anual,transferencia,fibra,0,1,4,sur,45,1
1,102.02,102.02,1,0,249.35,bianual,credito,ninguno,0,1,3,sur,78,0
24,69.68,1672.32,2,3,80.37,mensual,transferencia,movil,0,0,2,oeste,46,1
8,100.94,807.52,0,1,160.55,mensual,credito,fibra,0,1,2,centro,66,0
10,47.66,476.6,1,0,137.79,anual,efectivo,cable,1,1,4,norte,50,0
10,72.2,722.0,1,3,126.78,mensual,debito,fibra,1,1,1,centro,74,0
27,88.13,2379.51,4,0,93.69,anual,transferencia,fibra,1,0,4,sur,55,1
15,74.22,1113.3,1,3,118.59,bianual,debito,fibra,0,0,3,sur,22,0
38,70.36,2673.68,1,1,128.33,anual,debito,movil,1,0,3,norte,43,0
34,84.97,2888.98,3,1,130.84,mensual,debito,movil,1,1,1,oeste,18,1
22,50.66,1114.52,0,0,131.62,bianual,credito,ninguno,1,0,2,centro,21,0
47,84.36,3964.92,1,0,122.45,mensual,debito,fibra,1,1,2,norte,24,1
2,114.75,229.5,2,0,133.1,bianual,debito,cable,0,0,4,oeste,32,0
15,57.9,868.5,3,0,121.14,anual,credito,fibra,0,1,1,sur,26,0
35,83.54,2923.9,3,3,95.83,anual,credito,cable,1,1,4,oeste,44,0
4,45.34,181.36,1,0,129.42,mensual,transferencia,fibra,0,0,2,centro,46,1
46,53.42,2457.32,0,0,177.46,mensual,credito,fibra,1,1,4,oeste,44,1
22,106.62,2345.64,1,0,104.54,mensual,debito,cable,1,1,4,centro,70,0
17,69.77,1186.09,0,0,49.15,anual,transferencia,fibra,0,1,4,norte,28,0
38,27.56,1047.28,0,2,74.15,mensual,credito,fibra,1,1,1,norte,77,0
39,89.14,3476.46,1,0,215.05,bianual,debito,movil,0,0,4,norte,46,0
48,50.73,2435.04,0,2,111.17,mensual,debito,movil,1,1,3,centro,24,0
34,96.32,3274.88,0,1,164.09,mensual,credito,fibra,1,1,3,centro,75,0
17,78.5,1334.5,1,4,225.99,mensual,transferencia,fibra,1,0,2,norte,77,0
13,105.28,1368.64,0,3,225.15,mensual,debito,fibra,0,1,2,norte,44,0
9,79.28,713.52,3,1,85.26,mensual,debito,fibra,0,0,1,sur,39,1
34,72.01,2448.34,4,1,96.78,anual,debito,movil,1,1,1,sur,50,0
39,106.21,4142.19,1,0,144.33,anual,debito,ninguno,1,0,4,sur,21,1
29,69.75,2022.75,1,0,167.43,mensual,credito,fibra,1,1,2,norte,77,1
36,108.59,3909.24,1,1,179.57,anual,transferencia,cable,0,1,4,oeste,64,0
51,111.38,5680.38,3,2,181.89,mensual,debito,fibra,1,1,2,oeste,69,1
36,66.2,2383.2,0,0,81.4,anual,efectivo,fibra,0,1,1,sur,37,0
15,76.15,1142.25,2,2,148.11,anual,credito,fibra,1,1,4,norte,61,1
9,62.88,565.92,2,2,159.21,mensual,credito,fibra,1,0,4,norte,29,1
21,94.95,1993.95,1,4,178.2,bianual,debito,cable,1,0,4,centro,37,1
51,60.12,3066.12,3,1,126.55,mensual,credito,movil,1,0,2,sur,54,0
6,91.54,549.24,2,2,41.21,mensual,debito,fibra,0,0,4,sur,55,0
24,55.04,1320.96,2,1,56.79,bianual,transferencia,fibra,0,1,2,centro,59,0
52,71.83,3735.16,1,1,84.9,anual,debito,fibra,0,0,3,norte,62,0
23,93.47,2149.81,1,2,111.9,anual,transferencia,ninguno,1,1,3,oeste,58,1
24,93.28,2238.72,2,0,188.27,bianual,credito,fibra,1,1,3,norte,74,1
50,58.92,2946.0,3,2,53.81,anual,credito,movil,1,1,2,sur,33,0
12,63.53,762.36,1,1,107.16,anual,transferencia,fibra,1,1,4,sur,46,0
34,77.04,2619.36,2,1,11.07,anual,transferencia,ninguno,1,1,1,centro,61,0
1,66.34,66.34,3,2,25.6,mensual,debito,movil,1,1,1,oeste,45,0
43,86.09,3701.87,1,0,148.28,mensual,credito,fibra,0,1,3,centro,57,1
12,92.44,1109.28,1,0,154.56,mensual,transferencia,fibra,1,0,1,centro,66,1
18,76.48,1376.64,0,2,137.29,mensual,debito,fibra,1,1,4,centro,21,0
24,17.28,414.72,2,0,85.18,mensual,transferencia,fibra,1,1,3,norte,61,0
30,83.57,2507.1,0,1,193.42,bianual,transferencia,fibra,1,1,3,oeste,74,1
3,90.35,271.05,4,1,111.6,mensual,debito,cable,0,0,1,oeste,46,1
3,80.23,240.69,2,1,127.82,mensual,transferencia,fibra,0,0,2,norte,55,0
4,63.3,253.2,1,1,196.51,anual,efectivo,ninguno,0,1,4,oeste,72,1
16,67.33,1077.28,2,1,205.26,bianual,debito,cable,1,0,2,norte,72,0
42,71.93,3021.06,0,2,94.71,mensual,credito,fibra,0,1,2,centro,35,0
45,83.71,3766.95,2,2,216.39,mensual,credito,fibra,0,0,3,oeste,67,0
1,95.96,95.96,2,0,101.72,bianual,credito,fibra,0,0,3,sur,55,1
39,92.07,3590.73,0,0,141.06,mensual,efectivo,movil,1,1,3,norte,19,1
30,86.4,2592.0,0,4,137.23,anual,credito,cable,1,0,4,centro,57,1
31,76.69,2377.39,2,1,136.06,mensual,credito,fibra,1,0,1,centro,69,1
23,80.46,1850.58,1,1,67.63,mensual,efectivo,fibra,1,1,4,centro,33,1
21,85.95,1804.95,1,3,159.23,mensual,efectivo,fibra,1,1,3,oeste,24,0
16,64.36,1029.76,1,2,156.35,mensual,debito,fibra,1,1,2,norte,69,1
5,118.5,592.5,2,0,132.02,anual,debito,fibra,1,0,3,oeste,35,0
21,88.82,1865.22,2,1,133.71,mensual,credito,fibra,1,0,1,sur,21,1
11,67.31,740.41,2,0,59.39,mensual,efectivo,movil,1,0,4,norte,78,0
18,99.65,1793.7,3,0,78.95,anual,transferencia,fibra,0,1,4,centro,47,0
53,92.67,4911.51,1,1,92.91,mensual,debito,fibra,1,1,3,norte,33,1
39,42.76,1667.64,0,0,135.89,anual,credito,fibra,0,1,1,centro,71,0
38,76.88,2921.44,2,1,42.95,bianual,credito,movil,1,1,1,centro,39,0
19,79.37,1508.03,4,2,26.88,bianual,credito,ninguno,1,1,3,norte,65,0
17,88.75,1508.75,1,2,136.18,anual,transferencia,movil,0,1,4,oeste,50,0
35,95.69,3349.15,2,1,153.68,anual,credito,movil,1,0,4,sur,67,0
1,75.52,75.52,3,3,142.37,mensual,credito,fibra,0,0,2,centro,39,0
11,77.17,848.87,1,2,64.01,mensual,credito,fibra,1,1,1,centro,57,0
18,97.32,1751.76,0,2,171.17,mensual,credito,fibra,1,0,1,oeste,57,0
30,60.77,1823.1,0,2,134.56,anual,credito,fibra,0,1,4,centro,57,1
28,120.3,3368.4,1,2,129.45,mensual,efectivo,cable,0,1,2,norte,24,0
31,86.95,2695.45,1,1,113.79,anual,transferencia,fibra,1,0,1,centro,28,1
44,100.98,4443.12,2,1,124.15,mensual,credito,cable,1,1,3,oeste,70,0
36,70.82,2549.52,1,0,166.27,anual,transferencia,fibra,1,1,1,norte,72,0
36,84.14,3029.04,1,0,148.28,mensual,credito,fibra,0,1,3,centro,57,1
24,105.7,2536.8,1,0,122.94,mensual,transferencia,fibra,1,0,3,sur,21,0
42,93.94,3945.48,3,0,84.02,mensual,transferencia,movil,0,1,4,centro,66,1
18,75.65,1361.7,3,0,160.3,anual,credito,movil,1,1,3,centro,59,1
16,73.34,1173.44,1,1,89.35,anual,efectivo,ninguno,1,0,3,sur,59,0
39,71.55,2790.45,0,1,161.6,anual,credito,movil,0,1,3,oeste,61,0
38,106.98,4065.24,2,2,103.12,bianual,debito,fibra,1,0,4,oeste,59,1
46,124.7,5736.2,2,1,5.0,bianual,transferencia,fibra,0,1,1,centro,52,1
1,85.89,85.89,3,1,46.91,mensual,transferencia,fibra,1,1,3,oeste,63,0
8,97.39,779.12,1,2,192.16,mensual,transferencia,movil,1,1,3,centro,28,1
27,98.63,2663.01,2,2,203.71,mensual,transferencia,cable,0,0,4,sur,27,1
12,44.69,536.28,3,1,83.64,bianual,debito,cable,1,1,4,sur,24,0
5,98.75,493.75,3,0,187.62,mensual,transferencia,movil,0,0,3,centro,51,1
30,111.16,3334.8,1,3,143.85,mensual,debito,movil,0,1,3,norte,60,1
6,64.15,384.9,3,0,117.95,anual,debito,fibra,1,1,4,sur,28,0
20,60.78,1215.6,1,3,156.35,mensual,debito,fibra,1,1,2,norte,69,1
6,57.91,347.46,2,0,102.33,anual,efectivo,movil,1,0,3,oeste,78,1
38,100.72,3827.36,0,1,147.73,mensual,debito,movil,1,0,1,oeste,31,0
7,79.88,559.16,3,1,85.26,mensual,debito,fibra,0,0,1,sur,39,1
17,63.18,1074.06,0,1,207.32,mensual,transferencia,movil,1,1,4,oeste,40,0
40,80.47,3218.8,2,1,118.32,bianual,transferencia,fibra,1,0,2,centro,29,0
31,88.02,2728.62,2,4,195.54,mensual,debito,fibra,1,0,1,norte,31,0
38,92.58,3518.04,1,1,77.71,mensual,transferencia,fibra,0,1,4,norte,66,0
2,113.63,227.26,1,2,77.01,mensual,debito,fibra,0,0,2,norte,36,1
49,98.6,4831.4,1,1,88.12,anual,transferencia,cable,0,1,1,sur,25,1
30,94.93,2847.9,1,0,115.0,bianual,credito,cable,0,0,1,centro,25,1
15,64.63,969.45,1,1,160.72,anual,credito,fibra,1,0,4,norte,54,1
54,85.66,4625.64,2,1,89.47,mensual,credito,fibra,1,1,4,centro,60,0
57,70.4,4012.8,1,1,60.75,anual,credito,fibra,0,0,3,sur,75,0
8,81.86,654.88,1,4,47.32,mensual,transferencia,fibra,0,0,2,centro,55,0
4,82.99,331.96,0,4,34.19,anual,transferencia,cable,1,1,3,oeste,26,1
23,86.96,2000.08,1,5,39.49,bianual,transferencia,movil,1,0,2,centro,67,0
39,52.99,2066.61,2,2,117.44,mensual,debito,movil,1,0,1,norte,18,1
46,61.95,2849.7,2,1,136.85,mensual,efectivo,fibra,1,0,2,centro,27,1
32,94.8,3033.6,0,3,205.66,mensual,debito,movil,1,1,4,sur,77,0
10,65.84,658.4,1,1,39.11,bianual,credito,fibra,1,1,4,norte,47,1
35,79.91,2796.85,2,3,59.76,anual,credito,ninguno,0,1,2,oeste,44,0
31,77.74,2409.94,3,1,106.83,mensual,credito,movil,1,1,3,norte,21,1
22,67.18,1477.96,3,1,176.38,anual,efectivo,movil,1,0,2,oeste,44,0
45,66.31,2983.95,2,0,48.68,mensual,credito,fibra,1,0,3,oeste,53,1
42,64.54,2710.68,1,2,87.79,mensual,efectivo,fibra,1,0,4,oeste,74,0
13,83.61,1086.93,2,1,160.73,mensual,debito,fibra,1,0,1,centro,30,0
20,45.74,914.8,0,2,117.73,bianual,debito,fibra,1,1,2,oeste,22,0
3,63.46,190.38,3,0,130.98,mensual,debito,fibra,0,1,1,sur,57,0
41,51.96,2130.36,0,2,111.17,mensual,debito,movil,1,1,3,centro,24,0
47,67.25,3160.75,1,2,130.85,anual,efectivo,movil,1,0,2,norte,43,1
45,111.88,5034.6,0,2,171.11,mensual,transferencia,fibra,1,0,3,norte,59,0
59,50.3,2967.7,3,1,125.42,bianual,debito,fibra,1,1,4,sur,19,0
10,96.88,968.8,0,1,135.49,mensual,transferencia,fibra,0,0,2,oeste,75,1
43,91.97,3954.71,2,0,78.43,mensual,credito,fibra,1,1,1,centro,76,0
21,95.63,2008.23,2,1,96.23,bianual,credito,fibra,1,1,1,centro,41,0
43,79.15,3403.45,1,2,151.16,mensual,debito,fibra,0,1,1,oeste,24,1
4,71.6,286.4,0,3,45.78,anual,debito,cable,0,1,4,norte,78,0
26,72.24,1878.24,1,2,150.4,anual,credito,movil,1,1,4,sur,48,0
5,44.91,224.55,1,0,129.42,mensual,transferencia,fibra,0,0,2,centro,46,1
11,106.68,1173.48,1,0,132.62,mensual,efectivo,fibra,1,1,1,norte,55,0
33,99.72,3290.76,3,4,147.46,mensual,credito,cable,0,0,4,centro,18,0
11,77.15,848.65,0,2,170.12,mensual,transferencia,cable,1,0,2,norte,61,0
9,115.12,1036.08,4,1,181.37,mensual,debito,fibra,1,1,2,oeste,21,1
4,98.23,392.92,1,6,136.5,bianual,transferencia,fibra,1,1,1,centro,55,1
15,69.73,1045.95,2,2,124.56,mensual,credito,ninguno,1,1,4,sur,23,0
36,40.52,1458.72,2,2,123.61,anual,transferencia,fibra,1,1,3,sur,24,1
15,101.42,1521.3,1,0,64.22,bianual,efectivo,fibra,1,1,4,centro,41,0
11,82.24,904.64,1,0,150.01,mensual,transferencia,fibra,0,1,4,norte,40,1
13,89.69,1165.97,2,3,132.05,mensual,efectivo,movil,1,1,1,centro,39,0
20,69.07,1381.4,1,2,178.79,mensual,debito,fibra,1,0,3,centro,29,1
23,63.25,1454.75,1,0,73.91,mensual,transferencia,fibra,1,1,1,norte,47,0
15,65.1,976.5,2,3,127.41,bianual,credito,fibra,0,1,3,norte,24,0
20,61.58,1231.6,2,4,157.39,mensual,credito,fibra,1,0,1,centro,68,0
24,40.14,963.36,1,1,17.15,mensual,transferencia,cable,1,1,4,norte,63,0
14,72.19,1010.66,3,2,165.17,mensual,debito,fibra,0,0,2,norte,64,1
22,63.18,1389.96,3,2,136.88,anual,debito,fibra,1,1,3,centro,32,1
6,71.75,430.5,2,3,135.89,mensual,debito,cable,1,1,3,norte,68,1
44,52.12,2293.28,1,1,84.43,mensual,credito,fibra,1,1,2,norte,19,0
40,98.95,3958.0,4,1,135.23,mensual,credito,fibra,1,0,1,centro,64,0
13,87.13,1132.69,1,2,107.07,mensual,efectivo,fibra,1,0,4,oeste,24,0
50,87.9,4395.0,2,4,92.82,mensual,credito,fibra,0,1,3,oeste,34,1
6,49.79,298.74,1,2,63.66,mensual,efectivo,cable,0,1,2,norte,36,0
19,53.96,1025.24,1,2,94.95,mensual,efectivo,fibra,0,1,3,centro,37,0
19,108.6,2063.4,2,2,197.5,anual,efectivo,fibra,0,1,2,oeste,59,0
3,65.89,197.67,0,3,69.93,mensual,transferencia,fibra,1,1,2,sur,56,0
26,90.17,2344.42,2,4,9.11,mensual,debito,fibra,1,1,4,norte,78,1
29,76.7,2224.3,2,1,141.4,mensual,transferencia,movil,1,1,4,norte,62,0
8,44.85,358.8,2,1,48.01,anual,credito,fibra,1,0,3,oeste,74,0
12,47.9,574.8,3,0,124.84,mensual,debito,ninguno,1,1,2,norte,68,1
27,88.07,2377.89,3,1,144.08,anual,transferencia,movil,1,0,2,norte,45,0
1,64.23,64.23,6,0,127.16,anual,transferencia,fibra,1,1,1,oeste,41,0
32,86.39,2764.48,0,0,102.65,bianual,credito,ninguno,1,0,3,centro,32,1
19,99.19,1884.61,1,3,39.8,mensual,debito,fibra,1,0,1,oeste,33,1
44,73.49,3233.56,0,1,104.86,anual,debito,fibra,1,0,3,oeste,66,0
45,75.38,3392.1,2,1,91.92,mensual,debito,fibra,1,0,1,centro,25,0
32,63.43,2029.76,3,1,12.21,anual,transferencia,fibra,1,0,2,centro,64,0
6,77.27,463.62,1,1,66.08,anual,efectivo,ninguno,0,1,4,norte,36,1
14,78.24,1095.36,0,2,160.74,bianual,debito,cable,0,1,4,sur,25,0
24,88.26,2118.24,1,1,141.28,bianual,debito,fibra,0,0,1,centro,55,1
37,34.77,1286.49,0,2,54.27,bianual,credito,fibra,0,1,2,centro,76,1
29,41.8,1212.2,2,2,82.71,mensual,transferencia,fibra,0,0,1,norte,57,0
21,104.87,2202.27,3,5,204.94,bianual,credito,movil,1,1,3,norte,47,0
9,92.68,834.12,1,1,172.89,mensual,credito,fibra,1,1,2,centro,31,1
48,85.45,4101.6,2,1,163.45,mensual,efectivo,fibra,0,0,4,sur,51,0
47,63.91,3003.77,1,5,102.52,anual,credito,fibra,1,1,3,centro,62,1
28,79.79,2234.12,5,1,89.96,anual,transferencia,fibra,1,1,2,centro,47,0
38,88.18,3350.84,4,1,102.13,bianual,transferencia,fibra,0,1,4,oeste,22,1
4,64.71,258.84,1,4,196.51,anual,efectivo,ninguno,0,1,4,oeste,72,1
26,65.4,1700.4,2,2,178.56,mensual,debito,fibra,1,1,2,norte,48,1
18,44.26,796.68,1,1,118.17,mensual,efectivo,fibra,0,0,2,sur,74,0
39,45.39,1770.21,1,2,147.69,anual,transferencia,fibra,0,0,1,norte,34,0
29,83.96,2434.84,4,1,115.44,mensual,debito,cable,1,0,3,norte,26,0
1,69.98,69.98,2,1,216.1,mensual,transferencia,movil,1,1,3,centro,23,1
37,81.6,3019.2,1,1,80.81,mensual,credito,fibra,1,1,4,centro,28,0
17,92.35,1569.95,1,0,176.34,anual,credito,movil,1,0,4,oeste,31,1
39,65.56,2556.84,2,2,172.91,anual,transferencia,fibra,1,1,3,sur,25,0
40,42.04,1681.6,3,0,87.45,anual,debito,ninguno,1,0,3,sur,24,0
7,77.3,541.1,0,1,169.46,bianual,transferencia,fibra,1,0,2,centro,27,0
31,61.21,1897.51,0,3,179.79,mensual,debito,fibra,1,0,2,oeste,67,0
43,76.04,3269.72,2,2,127.79,bianual,credito,movil,0,0,4,centro,45,1
40,49.89,1995.6,1,2,50.3,anual,debito,cable,1,0,4,sur,50,1
19,93.02,1767.38,4,2,102.99,bianual,credito,movil,1,0,4,centro,32,0
38,108.85,4136.3,2,0,174.9,mensual,efectivo,fibra,1,1,4,centro,47,0
46,89.35,4110.1,1,2,150.08,anual,debito,movil,0,1,2,norte,55,0
4,95.69,382.76,1,2,146.78,mensual,credito,ninguno,1,0,2,norte,66,0
19,61.26,1163.94,3,1,171.81,anual,efectivo,cable,1,1,1,centro,41,0
48,87.92,4220.16,3,4,168.67,mensual,transferencia,fibra,0,0,2,centro,62,1
5,67.78,338.9,3,0,95.55,bianual,debito,fibra,1,0,2,centro,25,1
22,84.53,1859.66,1,3,106.78,anual,credito,fibra,0,0,3,sur,47,1
39,92.62,3612.18,1,0,175.77,mensual,efectivo,fibra,1,1,4,norte,65,0
34,67.3,2288.2,2,1,43.49,mensual,credito,fibra,1,0,2,centro,43,0
7,117.64,823.48,0,0,151.11,mensual,debito,movil,0,1,4,norte,45,0
44,101.07,4447.08,3,2,109.49,mensual,credito,fibra,1,1,2,centro,60,0
8,89.58,716.64,3,1,80.12,mensual,transferencia,movil,1,0,4,centro,55,0
51,69.91,3565.41,2,1,88.83,mensual,credito,fibra,0,0,4,oeste,42,0
29,81.61,2366.69,1,2,24.19,mensual,transferencia,fibra,1,1,1,sur,54,0
7,53.96,377.72,0,1,104.68,anual,debito,ninguno,0,0,4,oeste,56,0
37,83.07,3073.59,1,5,85.82,bianual,transferencia,fibra,1,1,2,centro,18,0
41,114.42,4691.22,4,3,132.32,mensual,transferencia,ninguno,1,1,4,centro,50,1
21,79.01,1659.21,1,1,85.54,mensual,credito,fibra,0,1,1,sur,39,0
52,68.27,3550.04,2,3,86.92,mensual,efectivo,cable,0,1,1,oeste,41,0
5,105.02,525.1,1,2,72.45,anual,transferencia,fibra,1,1,3,norte,41,0
2,84.85,169.7,2,0,84.84,bianual,credito,fibra,1,0,3,norte,42,0
27,131.72,3556.44,1,2,80.52,mensual,credito,fibra,1,1,1,centro,77,1
2,84.45,168.9,2,1,111.5,mensual,debito,movil,1,0,4,oeste,67,0
39,145.06,5657.34,0,1,182.24,mensual,efectivo,fibra,1,1,1,norte,49,0
15,87.13,1306.95,1,0,149.76,mensual,credito,fibra,1,1,3,centro,78,0
21,56.17,1179.57,0,2,134.56,anual,credito,fibra,0,1,4,centro,57,1
8,105.57,844.56,1,0,169.88,bianual,debito,movil,1,1,2,oeste,54,0
53,78.51,4161.03,2,1,115.0,anual,debito,fibra,1,1,4,centro,46,0
13,105.43,1370.59,2,1,50.53,anual,efectivo,fibra,0,0,3,centro,31,1
20,60.75,1215.0,3,2,121.27,mensual,debito,fibra,1,0,1,norte,28,0
40,88.55,3542.0,1,1,70.28,anual,credito,movil,0,0,1,norte,28,1
3,73.46,220.38,1,5,31.7,mensual,credito,movil,1,1,4,centro,51,1
24,68.63,1647.12,1,1,84.22,mensual,efectivo,movil,0,0,1,centro,56,0
11,84.39,928.29,0,2,189.61,anual,transferencia,fibra,1,0,1,oeste,47,0
36,102.1,3675.6,1,2,133.32,anual,debito,movil,0,1,4,norte,50,0
1,94.6,94.6,2,1,101.72,bianual,credito,fibra,0,0,3,sur,55,1
45,52.62,2367.9,1,3,167.11,anual,debito,fibra,0,1,3,centro,62,0
28,79.76,2233.28,2,1,111.29,mensual,credito,cable,1,1,1,sur,58,0
4,69.19,276.76,2,1,133.97,mensual,credito,fibra,1,1,2,centro,65,1
18,105.55,1899.9,2,3,144.68,mensual,credito,cable,1,0,2,centro,45,1
27,90.4,2440.8,1,3,171.46,anual,debito,fibra,0,0,2,centro,68,1
26,72.48,1884.48,3,1,138.89,mensual,debito,fibra,1,1,4,norte,35,1
26,86.21,2241.46,1,2,112.35,mensual,debito,fibra,1,0,2,norte,47,0
4,54.92,219.68,0,2,99.1,bianual,debito,fibra,1,0,4,norte,34,1
41,25.05,1027.05,2,0,99.59,anual,debito,movil,1,0,4,sur,58,0
11,89.36,982.96,0,1,105.32,mensual,debito,movil,0,0,4,oeste,47,0
16,88.39,1414.24,1,2,160.47,mensual,debito,fibra,1,0,4,centro,25,0
59,84.43,4981.37,2,0,104.89,anual,credito,movil,1,0,2,sur,78,0
13,82.39,1071.07,0,1,137.56,mensual,efectivo,fibra,1,0,4,sur,75,0
51,66.96,3414.96,1,1,175.32,mensual,transferencia,fibra,1,1,2,norte,27,0
3,95.94,287.82,2,0,93.48,mensual,credito,fibra,1,1,1,centro,71,1
9,92.08,828.72,2,2,114.65,mensual,transferencia,movil,1,1,3,oeste,58,1
20,91.63,1832.6,1,1,102.12,mensual,credito,movil,1,1,2,oeste,25,0
22,35.2,774.4,0,0,187.42,mensual,transferencia,fibra,1,0,3,sur,32,0
6,66.63,399.78,6,2,115.11,anual,transferencia,fibra,0,1,1,centro,71,0
15,112.88,1693.2,0,1,172.72,mensual,transferencia,movil,0,1,4,centro,48,0
42,72.48,3044.16,0,4,154.44,anual,efectivo,movil,1,0,2,centro,45,1
41,60.7,2488.7,2,0,130.31,mensual,debito,fibra,0,1,1,norte,19,1
8,49.31,394.48,5,0,79.02,mensual,transferencia,movil,1,1,4,sur,33,0
41,72.33,2965.53,2,2,113.46,mensual,credito,fibra,1,1,1,norte,65,0
50,85.25,4262.5,2,2,83.57,anual,credito,cable,1,1,3,centro,20,0
3,62.9,188.7,1,2,162.49,mensual,debito,ninguno,0,0,4,oeste,30,0
22,58.84,1294.48,1,0,103.05,mensual,debito,fibra,1,1,2,norte,20,0
51,81.79,4171.29,3,2,53.15,mensual,transferencia,cable,1,0,3,centro,36,1
23,77.06,1772.38,2,2,43.32,bianual,debito,fibra,1,1,1,centro,40,0
17,101.69,1728.73,1,0,167.78,bianual,debito,movil,0,1,2,oeste,34,1
5,64.94,324.7,1,0,167.11,mensual,transferencia,fibra,1,1,2,norte,22,1
41,62.55,2564.55,3,4,48.78,mensual,credito,cable,1,0,1,centro,41,0
12,100.3,1203.6,1,0,163.4,anual,transferencia,fibra,1,1,3,norte,53,0
36,112.73,4058.28,4,1,133.39,bianual,debito,fibra,0,0,1,centro,70,0
21,70.27,1475.67,3,3,85.74,mensual,transferencia,movil,1,0,4,norte,26,0
20,90.65,1813.0,2,1,124.72,mensual,transferencia,fibra,1,1,3,sur,18,1
22,93.87,2065.14,4,1,113.18,mensual,credito,fibra,1,1,2,centro,47,1
43,97.42,4189.06,1,1,100.37,mensual,credito,movil,1,1,3,centro,58,0
38,81.08,3081.04,1,0,108.27,mensual,efectivo,movil,1,0,2,sur,20,1
33,69.35,2288.55,1,1,140.09,anual,transferencia,fibra,1,0,1,sur,57,1
12,75.14,901.68,1,1,164.04,anual,debito,fibra,1,1,2,centro,60,1
35,119.22,4172.7,1,3,138.5,mensual,credito,cable,1,1,4,sur,71,0
14,50.78,710.92,2,1,87.35,mensual,credito,cable,1,1,3,centro,50,0
21,43.26,908.46,4,0,172.73,bianual,transferencia,fibra,1,0,1,centro,59,0
4,78.0,312.0,4,2,114.64,mensual,debito,fibra,0,1,1,centro,46,0
56,78.08,4372.48,2,2,91.92,mensual,debito,fibra,1,0,1,centro,25,0
23,79.41,1826.43,3,2,57.07,bianual,transferencia,movil,1,1,4,sur,58,0
46,49.01,2254.46,2,2,143.08,mensual,debito,fibra,1,1,3,centro,33,0
30,54.21,1626.3,3,1,62.08,mensual,credito,fibra,1,1,4,norte,41,0
17,73.74,1253.58,3,3,144.0,mensual,efectivo,movil,1,0,3,oeste,24,0
31,71.63,2220.53,2,4,130.28,anual,debito,cable,1,0,1,oeste,46,0
22,93.9,2065.8,6,3,187.97,bianual,transferencia,movil,1,0,3,sur,34,1
16,45.05,720.8,2,3,184.02,mensual,transferencia,cable,1,1,3,centro,53,0
49,91.95,4505.55,0,1,223.26,anual,credito,movil,1,0,4,oeste,34,1
45,39.16,1762.2,3,0,31.71,mensual,transferencia,movil,1,0,1,sur,33,1
30,82.63,2478.9,0,2,108.54,bianual,efectivo,fibra,1,0,3,sur,35,0
13,93.98,1221.74,5,1,88.84,mensual,credito,fibra,0,1,1,oeste,74,1
20,75.19,1503.8,2,0,177.0,bianual,credito,cable,1,0,1,norte,70,0
28,92.51,2590.28,1,5,110.94,mensual,transferencia,movil,1,1,3,centro,26,1
35,59.52,2083.2,5,1,55.9,mensual,credito,cable,1,1,3,oeste,39,0
43,63.63,2736.09,3,2,156.97,mensual,debito,movil,0,0,4,centro,74,1
3,76.01,228.03,2,2,102.21,anual,debito,movil,1,0,4,norte,38,0
32,107.62,3443.84,0,3,142.59,mensual,credito,fibra,0,1,4,sur,64,0
41,72.15,2958.15,1,2,46.65,bianual,debito,fibra,1,0,2,oeste,50,1
9,55.35,498.15,3,1,206.66,anual,debito,fibra,1,1,4,sur,70,0
42,85.34,3584.28,0,0,124.37,mensual,transferencia,fibra,1,1,2,centro,55,0
14,66.95,937.3,1,3,144.19,mensual,efectivo,ninguno,1,1,4,norte,70,0
11,88.39,972.29,2,1,109.17,anual,transferencia,fibra,0,0,3,centro,63,1
44,44.09,1939.96,2,3,151.04,anual,transferencia,fibra,1,1,3,centro,66,0
4,88.12,352.48,2,1,134.42,mensual,credito,fibra,1,1,1,oeste,37,0
2,84.08,168.16,0,3,179.9,mensual,transferencia,movil,1,1,4,centro,37,0
49,53.46,2619.54,0,1,148.74,anual,efectivo,cable,0,0,1,oeste,63,0
36,93.89,3380.04,0,2,47.12,bianual,debito,fibra,0,0,4,centro,67,0
36,68.11,2451.96,0,1,179.48,mensual,transferencia,ninguno,1,0,3,oeste,54,0
7,73.29,513.03,4,0,144.16,anual,transferencia,movil,1,0,1,sur,20,1
40,88.3,3532.0,1,1,181.0,bianual,debito,cable,0,0,1,centro,25,0
23,85.68,1970.64,3,4,67.69,mensual,credito,cable,1,1,1,sur,22,0
22,37.13,816.86,1,1,163.55,bianual,credito,cable,0,0,2,centro,41,0
22,70.58,1552.76,1,4,111.79,mensual,debito,fibra,1,1,2,norte,28,1
39,76.21,2972.19,0,4,102.7,mensual,credito,fibra,1,0,1,sur,53,0
11,79.28,872.08,1,1,278.34,mensual,transferencia,fibra,0,0,2,sur,42,0
46,82.66,3802.36,0,5,115.6,anual,credito,fibra,1,0,3,sur,69,1
9,60.1,540.9,2,2,14.05,bianual,credito,fibra,1,1,3,norte,63,0
40,51.5,2060.0,0,3,175.32,anual,debito,fibra,0,0,4,centro,37,1
6,72.69,436.14,3,0,147.13,mensual,credito,fibra,1,0,2,centro,23,0
7,81.97,573.79,1,1,132.49,mensual,debito,fibra,0,1,4,centro,67,1
1,75.32,75.32,2,1,126.86,mensual,transferencia,movil,1,0,1,norte,62,0
14,91.9,1286.6,2,1,39.28,anual,debito,movil,0,1,4,oeste,29,0
1,100.42,100.42,5,2,145.94,anual,transferencia,fibra,1,1,2,sur,68,0
45,86.0,3870.0,3,0,48.74,anual,transferencia,fibra,1,0,1,sur,71,1
25,59.67,1491.75,3,0,114.65,mensual,transferencia,movil,1,1,2,oeste,53,1
13,73.47,955.11,2,1,184.04,anual,credito,fibra,0,0,3,sur,19,1
42,70.12,2945.04,4,3,185.94,mensual,transferencia,movil,0,1,1,norte,57,1
48,86.36,4145.28,1,3,95.01,bianual,credito,fibra,0,0,1,norte,69,0
22,87.46,1924.12,2,1,123.28,mensual,efectivo,fibra,1,1,3,oeste,40,0
26,95.28,2477.28,0,3,104.66,bianual,debito,cable,1,1,2,sur,37,0
26,66.64,1732.64,3,2,93.03,anual,efectivo,fibra,0,0,3,oeste,59,0
33,61.82,2040.06,4,3,228.99,anual,debito,movil,0,0,1,centro,51,1
33,44.85,1480.05,4,3,150.5,anual,transferencia,fibra,0,1,1,centro,55,0
39,68.55,2673.45,5,4,97.45,mensual,efectivo,fibra,1,1,3,centro,51,1
19,100.31,1905.89,1,3,240.02,mensual,transferencia,fibra,0,1,4,norte,26,0
32,83.97,2687.04,1,0,128.59,bianual,efectivo,fibra,1,0,2,centro,77,0
7,45.07,315.49,1,1,47.79,mensual,efectivo,fibra,1,0,4,oeste,66,0
39,44.51,1735.89,0,2,172.72,anual,debito,fibra,1,1,2,centro,40,0
9,106.63,959.67,2,2,69.33,mensual,credito,movil,1,0,2,sur,30,0
39,42.83,1670.37,1,1,64.46,mensual,debito,fibra,1,0,1,oeste,38,1
35,76.09,2663.15,1,1,220.59,mensual,credito,movil,1,1,3,oeste,40,1
42,103.06,4328.52,2,2,88.07,anual,debito,fibra,1,0,1,oeste,33,1
3,72.23,216.69,2,2,87.58,anual,transferencia,fibra,0,1,3,norte,23,1
34,61.62,2095.08,2,3,212.68,anual,transferencia,fibra,0,0,2,centro,27,0
32,99.53,3184.96,2,0,141.33,bianual,credito,fibra,1,1,3,centro,72,0
50,65.27,3263.5,1,4,125.65,mensual,debito,ninguno,1,1,1,centro,29,0
19,82.26,1562.94,0,2,137.86,mensual,credito,fibra,0,1,1,centro,73,1
33,80.41,2653.53,2,1,136.28,bianual,transferencia,fibra,1,0,3,oeste,63,1
14,114.52,1603.28,1,1,183.54,mensual,debito,fibra,0,0,2,norte,58,1
55,90.54,4979.7,2,2,149.88,mensual,transferencia,fibra,0,1,3,centro,75,0
42,75.58,3174.36,2,0,86.61,anual,credito,fibra,1,1,3,norte,56,0
26,83.22,2163.72,3,3,94.57,mensual,debito,fibra,0,0,4,centro,22,1
1,76.07,76.07,0,2,135.3,mensual,transferencia,fibra,1,1,3,centro,42,0
27,30.33,818.91,2,1,167.18,mensual,debito,fibra,1,1,1,norte,61,0
7,92.15,645.05,1,0,155.73,mensual,debito,fibra,1,0,1,centro,47,0
2,30.72,61.44,2,4,127.84,mensual,efectivo,movil,0,0,1,norte,51,1
11,98.45,1082.95,0,1,81.59,mensual,debito,fibra,1,0,3,norte,51,0
39,78.98,3080.22,3,2,105.6,mensual,credito,movil,1,1,4,centro,18,0
43,117.79,5064.97,1,1,12.91,mensual,credito,fibra,1,1,1,norte,64,0
14,71.67,1003.38,2,2,34.59,anual,debito,fibra,1,1,3,oeste,27,0
21,105.32,2211.72,2,3,160.08,mensual,debito,cable,0,1,3,norte,68,0
32,76.65,2452.8,1,2,112.34,mensual,credito,movil,0,0,2,oeste,74,0
7,43.74,306.18,1,2,162.57,bianual,debito,fibra,0,0,4,norte,60,1
32,78.58,2514.56,3,2,199.73,bianual,debito,fibra,0,0,2,centro,31,0
23,103.37,2377.51,2,3,108.62,mensual,credito,fibra,1,0,1,oeste,50,0
18,68.95,1241.1,1,3,108.3,anual,credito,fibra,1,1,2,centro,38,1
28,108.44,3036.32,0,1,166.58,mensual,debito,fibra,1,1,1,norte,70,0
21,73.47,1542.87,1,1,71.82,mensual,credito,fibra,0,0,3,norte,55,0
19,51.83,984.77,3,1,87.05,mensual,credito,fibra,1,0,4,sur,24,1
20,55.32,1106.4,0,2,78.06,anual,credito,movil,0,1,2,centro,63,0
44,25.39,1117.16,3,2,140.85,mensual,transferencia,ninguno,1,1,3,oeste,59,0
38,57.71,2192.98,1,0,87.56,anual,efectivo,movil,1,0,3,norte,42,1
